{
  "surface": "0xFFFFFFFF",
  "hover": "0xFFe0f8ff",
  "selector": "0xfff2fcff",
  "red": "0xfffb006d",
  "yellow": "0xffffd667",
  "green": "0xff66cf80",
  "shader1": "0xff333333",
  "shader2": "0xff4f4f4f",
  "shader3": "0xff828282",
  "shader4": "0xffbdbdbd",
  "shader5": "0xffe0e0e0",
  "shader6": "0xfff2f2f2",
  "shader7": "0xff333333",
  "bg1": "0xfff7f8fc",
  "bg2": "0xffedeef2",
  "bg3": "0xffe2e4eb",
  "bg4": "0xff2c144b",
  "tint1": "0xffe8e0ff",
  "tint2": "0xffffe7fd",
  "tint3": "0xffffe7ee",
  "tint4": "0xffffefe3",
  "tint5": "0xfffff2cd",
  "tint6": "0xfff5ffdc",
  "tint7": "0xffddffd6",
  "tint8": "0xffdefff1",
  "tint9": "0xffe1fbff",
  "main1": "0xff00bcf0",
  "main2": "0xff00b7ea",
  "shadow": "0x26000000",
  "sidebarBg": "0xfff7f8fc",
  "divider": "0xfff2f2f2",
  "topbarBg": "0xFFFFFFFF",
  "icon": "0xff333333",
  "text": "0xff333333",
  "input": "0xFFFFFFFF",
  "hint": "0xff828282",
  "primary": "0xff00bcf0",
  "onPrimary": "0xFFFFFFFF",
  "hoverBG1": "0xffedeef2",
  "hoverBG2": "0xFFe0f8ff",
  "hoverBG3": "0xfff2f2f2",
  "hoverFG": "0xff333333",
  "questionBubbleBG": "0xfff2fcff",
  "progressBarBGColor": "0xffe1fbff",
  "toolbarColor": "0xff333333",
  "toggleButtonBGColor": "0xffe0e0e0",
  "calendarWeekendBGColor": "0xFFFBFBFC",
  "gridRowCountColor" : "0xff333333"
}