{
  "surface": "0xff282a36",
  "hover": "0xff8be9fd",
  "selector": "0xff1A202C",
  "red": "0xffff5555",
  "yellow": "0xfff1fa8c",
  "green": "0xff50fa7b",
  "shader1": "0xff131720",
  "shader2": "0xff1A202C",
  "shader3": "0xff363D49",
  "shader4": "0xff505469",
  "shader5": "0xffBBC3CD",
  "shader6": "0xfff2f2f2",
  "shader7": "0xfff8f8f2",
  "bg1": "0xfff7f8fc",
  "bg2": "0xffedeef2",
  "bg3": "0xff8be9fd",
  "bg4": "0xff2c144b",
  "tint1": "0x4d9327FF",
  "tint2": "0x66FC0088",
  "tint3": "0x4dFC00E2",
  "tint4": "0x80BE5B00",
  "tint5": "0x33F8EE00",
  "tint6": "0x4d6DC300",
  "tint7": "0x5900BD2A",
  "tint8": "0x80008890",
  "tint9": "0x4d0029FF",
  "main1": "0xff8be9fd",
  "main2": "0xff8be9fd",
  "shadow": "0xff0F131C",
  "sidebarBg": "0xff282a36",
  "divider": "0xff6272a4",
  "topbarBg": "0xff282a36",
  "icon": "0xfff8f8f2",
  "text": "0xfff8f8f2",
  "secondaryText": "0xfff8f8f2",
  "input": "0xff282E3A",
  "hint": "0x80f8f8f2",
  "primary": "0xff8be9fd",
  "onPrimary": "0xff131720",
  "hoverBG1": "0xff8be9fd",
  "hoverBG2": "0xff8be9fd",
  "hoverBG3": "0xff363D49",
  "hoverFG": "0xff131720",
  "questionBubbleBG": "0xff363D49",
  "progressBarBGColor": "0xffe1fbff",
  "toolbarColor": "0xff282E3A",
  "toggleButtonBGColor": "0xffe0e0e0",
  "calendarWeekendBGColor": "0x4D6272a4",
  "gridRowCountColor" : "0xfff8f8f2"
}