{
  "surface": "0xff1A202C",
  "hover": "0x80e94196",
  "selector": "0xff1A202C",
  "red": "0xfffb006d",
  "yellow": "0xffffd667",
  "green": "0xff66cf80",
  "shader1": "0xff131720",
  "shader2": "0xff1A202C",
  "shader3": "0xff363D49",
  "shader4": "0xff505469",
  "shader5": "0xffBBC3CD",
  "shader6": "0xfff2f2f2",
  "shader7": "0xffffffff",
  "bg1": "0xfff7f8fc",
  "bg2": "0xffedeef2",
  "bg3": "0xffe94196",
  "bg4": "0xff2c144b",
  "tint1": "0x4d9327FF",
  "tint2": "0x66FC0088",
  "tint3": "0x4dFC00E2",
  "tint4": "0x80BE5B00",
  "tint5": "0x33F8EE00",
  "tint6": "0x4d6DC300",
  "tint7": "0x5900BD2A",
  "tint8": "0x80008890",
  "tint9": "0x4d0029FF",
  "main1": "0xffe94196",
  "main2": "0xffe94196",
  "shadow": "0xff0F131C",
  "sidebarBg": "0xff232B38",
  "divider": "0xff87ceeb",
  "topbarBg": "0xff131720",
  "icon": "0xffffffff",
  "text": "0xffffffff",
  "input": "0xff282E3A",
  "hint": "0x80ffffff",
  "primary": "0xffe94196",
  "onPrimary": "0xffffffff",
  "hoverBG1": "0xffe94196",
  "hoverBG2": "0xffe94196",
  "hoverBG3": "0xff363D49",
  "hoverFG": "0xff131720",
  "questionBubbleBG": "0xff51aff7",
  "progressBarBGColor": "0xffe1fbff",
  "toolbarColor": "0xff282E3A",
  "toggleButtonBGColor": "0xffe0e0e0",
  "calendarWeekendBGColor": "0x33e94196",
  "gridRowCountColor" : "0xffBBC3CD"
}